Run_ID,AssayType,DIV,Well,NeuronType,Time,Chip_ID,Mean_FiringRate,Mean_SpikeAmplitude,Active_area,Mean_ISI,Std_ISI,Mean_ISI_CV,Mean_Fano,CHIP_WELL,is_outlier,expected_y,resid_expected,is_bad_residual,to_exclude
5,Sparse7x,5,1,MxHEMI,5/20/24 9:43,M07039,0.601701183,72.85354069,25.60606061,9.093108677,10.1297739,1.67269912,3.401934193,M07039_1,False,35.06313131333333,-9.45707070333333,False,False
5,Sparse7x,5,2,MxWT,5/20/24 9:43,M07039,1.005935309,49.77490078,15.84848485,10.5169585,7.632463494,1.182687183,1.904681939,M07039_2,False,28.69191919,-12.84343434,False,False
5,Sparse7x,5,3,FxHET,5/20/24 9:43,M07039,0.668803639,68.08716648,14.71212121,8.312350821,7.984803345,1.533669981,2.691704965,M07039_3,False,32.32575757666667,-17.613636366666668,False,False
5,Sparse7x,5,4,MxHEMI,5/20/24 9:43,M07039,0.46562719,74.33810867,21.62121212,7.906134757,9.863572371,1.845149048,3.561960586,M07039_4,False,35.06313131333333,-13.44191919333333,False,False
5,Sparse7x,5,5,MxWT,5/20/24 9:43,M07039,0.859133077,48.57463789,15.78787879,10.67657485,7.825529608,1.266077822,1.810225366,M07039_5,False,28.69191919,-12.9040404,False,False
5,Sparse7x,5,6,FxHET,5/20/24 9:43,M07039,0.697526158,63.96245454,16.89393939,7.62881973,7.177924045,1.505194223,2.609066503,M07039_6,False,32.32575757666667,-15.431818186666668,False,False
1,Sparse7x,5,1,MxWT,5/20/24 8:46,M07420,0.966328042,60.38564054,23.86363636,9.590034613,9.065770585,1.462206786,2.412482783,M07420_1,False,28.69191919,-4.828282829999999,False,False
3,Sparse7x,5,1,MxWT,5/20/24 9:15,M07427,0.798250891,65.4782841,22.66666667,10.63315554,9.06248137,1.36091416,2.41552061,M07427_1,False,28.69191919,-6.025252519999999,False,False
3,Sparse7x,5,2,MxWT,5/20/24 9:15,M07427,0.793322859,63.88162627,19.28787879,9.716989966,7.890829015,1.312482146,2.312768687,M07427_2,False,28.69191919,-9.4040404,False,False
3,Sparse7x,5,3,MxWT,5/20/24 9:15,M07427,0.858720527,62.35994118,21.84848485,11.76219138,10.05414032,1.387625782,2.114183232,M07427_3,False,28.69191919,-6.843434340000002,False,False
3,Sparse7x,5,4,FxHET,5/20/24 9:15,M07427,0.562190661,79.35424043,23.46969697,7.344697955,7.880634732,1.678153761,3.639475264,M07427_4,False,32.32575757666667,-8.856060606666667,False,False
3,Sparse7x,5,5,FxHET,5/20/24 9:15,M07427,0.525047233,79.16376792,18.71212121,8.658239467,8.694216731,1.526179792,3.464247231,M07427_5,False,32.32575757666667,-13.613636366666668,False,False
3,Sparse7x,5,6,MxWT,5/20/24 9:15,M07427,0.879758086,61.94332287,18.89393939,9.456831084,7.653927183,1.29349855,2.243351044,M07427_6,False,28.69191919,-9.7979798,False,False
7,Sparse7x,5,1,MxHEMI,5/20/24 10:10,M08018,0.475765128,81.47682593,28.87878788,9.53045089,10.61310806,1.66270843,3.346320301,M08018_1,False,35.06313131333333,-6.1843434333333285,False,False
7,Sparse7x,5,2,MxWT,5/20/24 10:10,M08018,0.790434565,60.06406142,15.16666667,10.06772864,7.859816187,1.283312538,1.996398751,M08018_2,False,28.69191919,-13.52525252,False,False
7,Sparse7x,5,3,FxHET,5/20/24 10:10,M08018,0.617179487,74.66237868,19.6969697,8.328931373,8.017716093,1.598666471,2.834437117,M08018_3,False,32.32575757666667,-12.628787876666667,False,False
7,Sparse7x,5,4,MxHEMI,5/20/24 10:10,M08018,0.42170418,83.25745735,18.84848485,9.28559684,10.51363265,1.763903051,3.56994828,M08018_4,False,35.06313131333333,-16.21464646333333,False,False
7,Sparse7x,5,5,MxWT,5/20/24 10:10,M08018,0.793916414,64.02390882,14.98484848,8.461540001,6.96112435,1.341433605,2.46839719,M08018_5,False,28.69191919,-13.70707071,False,False
7,Sparse7x,5,6,FxHET,5/20/24 10:10,M08018,0.562634867,78.17442812,17.78787879,6.621262912,7.063720051,1.567227688,3.443358866,M08018_6,False,32.32575757666667,-14.537878786666667,False,False
17,Sparse7x,8,1,MxWT,5/23/24 8:48,M07420,0.817034479,71.41505847,44.96969697,8.291248284,9.695846682,1.775629801,3.811690796,M07420_1,False,50.41919191833333,-5.4494949483333315,False,False
20,Sparse7x,8,1,MxWT,5/23/24 9:34,M07427,0.749680527,78.35517853,51.37878788,8.19177033,10.49975998,2.04304515,4.915419312,M07427_1,False,50.41919191833333,0.9595959616666647,False,False
20,Sparse7x,8,2,MxWT,5/23/24 9:34,M07427,0.745944539,80.55688871,53.36363636,6.718356232,8.725320209,2.16593332,5.282640361,M07427_2,False,50.41919191833333,2.9444444416666684,False,False
20,Sparse7x,8,3,MxWT,5/23/24 9:34,M07427,0.773360474,76.37728295,45.59090909,7.925504084,9.494257031,1.894980737,3.890210571,M07427_3,False,50.41919191833333,-4.828282828333336,False,False
20,Sparse7x,8,4,FxHET,5/23/24 9:34,M07427,0.764578631,81.41479588,60.40909091,6.135633134,8.408714405,2.247855992,6.041833612,M07427_4,False,54.82070707166666,5.588383838333343,False,False
20,Sparse7x,8,5,FxHET,5/23/24 9:34,M07427,0.613001562,84.89254885,61.42424242,5.715491027,7.801449867,2.332275521,6.660095219,M07427_5,False,54.82070707166666,6.603535348333338,False,False
20,Sparse7x,8,6,MxWT,5/23/24 9:34,M07427,0.749482272,73.64363324,48.28787879,7.522505786,9.207110295,2.036286972,4.910583918,M07427_6,False,50.41919191833333,-2.131313128333332,False,False
32,Sparse7x,8,1,MxHEMI,5/23/24 19:25,M08018,0.958109052,72.05338738,68.68181818,5.14812692,6.077368252,2.069785358,5.625585617,M08018_1,False,55.16414141333333,13.51767676666666,False,False
32,Sparse7x,8,2,MxWT,5/23/24 19:25,M08018,0.997854245,63.66386468,48.54545455,7.010275498,7.707945985,1.719845727,4.033316604,M08018_2,False,50.41919191833333,-1.8737373683333303,False,False
32,Sparse7x,8,3,FxHET,5/23/24 19:25,M08018,1.00995603,64.38917929,60.3030303,5.98615441,6.462899569,1.955820368,4.770028925,M08018_3,False,54.82070707166666,5.4823232283333425,False,False
32,Sparse7x,8,4,MxHEMI,5/23/24 19:25,M08018,0.82656972,71.511302,55.74242424,6.197665182,7.406413199,2.302921327,5.852092891,M08018_4,False,55.16414141333333,0.5782828266666655,False,False
32,Sparse7x,8,5,MxWT,5/23/24 19:25,M08018,0.701159508,72.38302814,50.09090909,7.803111528,9.555888587,2.054454056,4.651733623,M08018_5,False,50.41919191833333,-0.3282828283333359,False,False
32,Sparse7x,8,6,FxHET,5/23/24 19:25,M08018,0.918791708,70.31064908,60.54545455,6.056784956,7.331762891,2.245610509,5.611070404,M08018_6,False,54.82070707166666,5.724747478333342,False,False
22,Sparse7x,8,1,MxHEMI,5/23/24 10:03,M07039,0.98529708,66.41315533,60.18181818,6.33451801,6.731630558,1.944820483,5.860174376,M07039_1,False,55.16414141333333,5.017676766666668,False,False
22,Sparse7x,8,2,MxWT,5/23/24 10:03,M07039,0.892114506,63.82544488,43.13636364,8.487181698,9.035867419,1.802574189,3.701507789,M07039_2,False,50.41919191833333,-7.282828278333334,False,False
22,Sparse7x,8,3,FxHET,5/23/24 10:03,M07039,0.879965702,67.13910563,50.8030303,7.437614905,8.154290631,2.018896976,4.987801976,M07039_3,True,54.82070707166666,-4.0176767716666575,False,True
22,Sparse7x,8,4,MxHEMI,5/23/24 10:03,M07039,0.737810394,68.04520942,54.71212121,6.011716713,7.369048933,2.254818785,6.046797047,M07039_4,False,55.16414141333333,-0.45202020333333337,False,False
22,Sparse7x,8,5,MxWT,5/23/24 10:03,M07039,0.750820856,62.80632585,38.45454545,8.311406363,8.707357947,1.803123494,3.722733508,M07039_5,False,50.41919191833333,-11.964646468333335,False,False
22,Sparse7x,8,6,FxHET,5/23/24 10:03,M07039,0.790198317,70.81743601,56.40909091,6.636955185,8.142264025,1.952354342,4.981286279,M07039_6,True,54.82070707166666,1.5883838383333426,False,True
42,Sparse7x,13,1,MxHEMI,5/28/24 13:53,M07039,2.859076689,74.33247923,87.98484848,2.503621411,2.828319814,2.116932798,7.36143269,M07039_1,False,75.805555555,12.179292924999999,False,False
42,Sparse7x,13,2,MxWT,5/28/24 13:53,M07039,1.882146845,67.19403436,72.36363636,5.139163219,4.249502332,1.558018632,3.943336964,M07039_2,False,74.96969697,-2.60606061,False,False
42,Sparse7x,13,3,FxHET,5/28/24 13:53,M07039,2.039190379,74.15075249,74.54545455,3.968364042,3.80270936,1.912984116,5.613509719,M07039_3,False,78.30303030333333,-3.7575757533333274,False,False
42,Sparse7x,13,4,MxHEMI,5/28/24 13:53,M07039,2.505521797,71.67419224,83.53030303,3.079421945,2.943779201,1.85339097,5.566469855,M07039_4,False,75.805555555,7.724747475000001,False,False
42,Sparse7x,13,5,MxWT,5/28/24 13:53,M07039,1.030534536,60.2693166,52.06060606,8.406761407,8.508173603,1.674342967,3.245466661,M07039_5,True,74.96969697,-22.909090910000003,False,True
42,Sparse7x,13,6,FxHET,5/28/24 13:53,M07039,1.584517865,76.51984628,84.95454545,3.329915301,3.464343071,1.724072606,4.854188284,M07039_6,False,78.30303030333333,6.651515146666668,False,False
40,Sparse7x,13,1,MxWT,5/28/24 13:25,M07427,1.61516344,86.99929054,83.72727273,3.746782022,3.853253095,1.760233772,4.751899293,M07427_1,False,74.96969697,8.757575759999995,False,False
40,Sparse7x,13,2,MxWT,5/28/24 13:25,M07427,2.259267433,91.68358893,90.96969697,2.440205689,2.406355706,1.690945895,4.725499139,M07427_2,False,74.96969697,16.0,False,False
40,Sparse7x,13,3,MxWT,5/28/24 13:25,M07427,1.867059976,82.1553279,83.78787879,3.566270846,3.122207286,1.49673169,3.808166176,M07427_3,False,74.96969697,8.818181819999992,False,False
40,Sparse7x,13,4,FxHET,5/28/24 13:25,M07427,1.996485579,93.66784338,91.75757576,2.337112914,2.581363579,1.857313607,5.865676877,M07427_4,False,78.30303030333333,13.454545456666665,False,False
40,Sparse7x,13,5,FxHET,5/28/24 13:25,M07427,2.255376476,92.66781625,92.36363636,2.013682306,2.370052716,2.024875319,6.697386446,M07427_5,False,78.30303030333333,14.060606056666671,False,False
40,Sparse7x,13,6,MxWT,5/28/24 13:25,M07427,2.188353585,85.81079207,88.53030303,2.719659873,2.548275491,1.54787456,4.221610608,M07427_6,False,74.96969697,13.560606059999998,False,False
44,Sparse7x,13,1,MxHEMI,5/28/24 14:40,M08018,2.491927224,79.11260563,84.3030303,3.045704648,3.040133305,1.768280192,5.495241395,M08018_1,False,75.805555555,8.497474745000005,False,False
44,Sparse7x,13,2,MxWT,5/28/24 14:40,M08018,2.158544105,79.86092575,80.27272727,3.993908567,3.144942829,1.43841963,3.63684161,M08018_2,False,74.96969697,5.303030300000003,False,False
44,Sparse7x,13,3,FxHET,5/28/24 14:40,M08018,2.032702978,75.48158286,81.90909091,3.670698975,3.961741163,1.930277165,5.720182473,M08018_3,False,78.30303030333333,3.6060606066666736,False,False
44,Sparse7x,13,4,MxHEMI,5/28/24 14:40,M08018,1.596297262,78.32493926,72.66666667,4.687591177,4.56389684,1.802125689,5.170008202,M08018_4,False,75.805555555,-3.138888885,False,False
44,Sparse7x,13,5,MxWT,5/28/24 14:40,M08018,1.625770773,90.05347214,84.36363636,3.763873637,3.320447414,1.457798894,3.760916539,M08018_5,False,74.96969697,9.39393939,False,False
44,Sparse7x,13,6,FxHET,5/28/24 14:40,M08018,2.633337712,83.46143068,86.51515152,2.91939184,2.724448582,1.77358052,5.316835788,M08018_6,False,78.30303030333333,8.212121216666674,False,False
38,Sparse7x,13,1,MxWT,5/28/24 12:53,M07420,2.116834558,81.48651714,85.22727273,3.335938848,2.937525223,1.565215788,4.096955938,M07420_1,False,74.96969697,10.257575759999995,False,False
55,Sparse7x,16,1,MxHEMI,5/31/24 10:05,M07039,2.099948659,76.34211174,86.06060606,3.087744007,3.527799104,2.027756609,6.134351792,M07039_1,False,86.04545454666666,0.015151513333336197,False,False
55,Sparse7x,16,2,MxWT,5/31/24 10:05,M07039,2.045937065,76.23416461,83.37878788,3.558769892,3.033327485,1.651154978,4.554029775,M07039_2,False,90.04545454666666,-6.666666666666657,False,False
55,Sparse7x,16,3,FxHET,5/31/24 10:05,M07039,2.387863039,77.90022487,83.81818182,3.185845987,3.525550135,2.448780515,7.748935169,M07039_3,False,89.02020202,-5.202020199999993,False,False
55,Sparse7x,16,4,MxHEMI,5/31/24 10:05,M07039,1.759418998,78.59089368,85.01515152,3.307805046,3.327841877,1.933714905,5.736667383,M07039_4,False,86.04545454666666,-1.0303030266666582,False,False
55,Sparse7x,16,5,MxWT,5/31/24 10:05,M07039,1.477747891,71.47264499,76.04545455,5.079266034,4.762246411,1.918275591,5.359154621,M07039_5,True,90.04545454666666,-13.99999999666666,True,True
55,Sparse7x,16,6,FxHET,5/31/24 10:05,M07039,1.517196328,90.62442245,89.39393939,3.062090898,3.307610878,1.873049599,5.492682058,M07039_6,False,89.02020202,0.3737373700000006,False,False
51,Sparse7x,16,1,MxWT,5/31/24 9:09,M07420,2.229030022,101.411718,94.24242424,1.994152001,2.234829049,1.816267915,5.759785194,M07420_1,False,90.04545454666666,4.196969693333344,False,False
53,Sparse7x,16,1,MxWT,5/31/24 9:39,M07427,1.49726614,105.9319371,92.0,2.96515462,3.448736065,1.706975841,4.794841004,M07427_1,False,90.04545454666666,1.9545454533333384,False,False
53,Sparse7x,16,2,MxWT,5/31/24 9:39,M07427,1.851430068,107.8116407,94.03030303,2.232983908,2.481891977,1.648132691,4.40576797,M07427_2,False,90.04545454666666,3.9848484833333373,False,False
53,Sparse7x,16,3,MxWT,5/31/24 9:39,M07427,1.596597152,100.5154161,90.09090909,2.920888233,2.938013666,1.428622034,3.361812206,M07427_3,False,90.04545454666666,0.045454543333335096,False,False
53,Sparse7x,16,4,FxHET,5/31/24 9:39,M07427,4.091872203,105.1073855,97.06060606,0.926211891,1.872457499,4.134764149,12.47052007,M07427_4,False,89.02020202,8.040404039999999,False,False
53,Sparse7x,16,5,FxHET,5/31/24 9:39,M07427,1.515475022,109.7237712,92.60606061,2.267783678,3.499859778,2.54164367,7.337280058,M07427_5,False,89.02020202,3.585858590000001,False,False
53,Sparse7x,16,6,MxWT,5/31/24 9:39,M07427,4.888061282,109.2452193,97.74242424,0.913591637,1.222167815,2.690432307,11.80696413,M07427_6,False,90.04545454666666,7.696969693333344,False,False
57,Sparse7x,16,1,MxHEMI,5/31/24 10:31,M08018,2.664623656,81.202794,89.24242424,2.375879128,2.763441142,2.136235868,7.380719982,M08018_1,False,86.04545454666666,3.196969693333344,False,False
57,Sparse7x,16,2,MxWT,5/31/24 10:31,M08018,2.237005125,88.41451453,85.72727273,3.388695281,2.884849924,1.484720985,3.573298148,M08018_2,False,90.04545454666666,-4.318181816666666,False,False
57,Sparse7x,16,3,FxHET,5/31/24 10:31,M08018,2.389135675,82.53264089,88.0,3.029004177,3.035357389,1.927174995,6.053618042,M08018_3,False,89.02020202,-1.0202020199999993,False,False
57,Sparse7x,16,4,MxHEMI,5/31/24 10:31,M08018,2.324267724,82.11099059,81.21212121,3.529082472,3.478807859,1.954619208,6.10967848,M08018_4,False,86.04545454666666,-4.833333336666655,False,False
57,Sparse7x,16,5,MxWT,5/31/24 10:31,M08018,1.950074599,111.9824652,93.09090909,2.255315732,2.168504181,1.451842083,3.525044758,M08018_5,False,90.04545454666666,3.045454543333335,False,False
57,Sparse7x,16,6,FxHET,5/31/24 10:31,M08018,1.879409187,85.17302446,86.42424242,2.626508103,4.424143313,3.054145078,9.480174884,M08018_6,False,89.02020202,-2.5959596000000005,False,False
69,Sparse7x,20,1,MxHEMI,6/4/24 9:53,M07039,2.683315724,106.0108422,93.21212121,1.740074429,2.267572907,2.332574703,7.339057948,M07039_1,False,87.53535353833334,5.676767671666667,False,False
69,Sparse7x,20,2,MxWT,6/4/24 9:53,M07039,1.983021207,97.19713165,88.59090909,2.88386108,2.829330988,1.768840702,4.575470684,M07039_2,False,93.803030305,-5.212121214999996,False,False
69,Sparse7x,20,3,FxHET,6/4/24 9:53,M07039,1.901570217,96.77030351,86.92424242,2.958740323,2.997659352,2.022882616,5.697009837,M07039_3,False,90.04040404,-3.1161616199999997,False,False
69,Sparse7x,20,4,MxHEMI,6/4/24 9:53,M07039,2.15530628,98.8762147,91.84848485,2.29354532,2.832203959,2.306662644,7.101288,M07039_4,False,87.53535353833334,4.313131311666666,False,False
69,Sparse7x,20,5,MxWT,6/4/24 9:53,M07039,1.613198983,89.46934366,83.45454545,4.082175689,3.82536484,1.713243983,4.281940049,M07039_5,False,93.803030305,-10.348484854999995,False,False
69,Sparse7x,20,6,FxHET,6/4/24 9:53,M07039,2.108073084,106.3039596,94.12121212,1.951173933,2.305900318,1.947302873,5.807469345,M07039_6,False,90.04040404,4.080808079999997,False,False
65,Sparse7x,20,1,MxWT,6/4/24 8:52,M07420,1.781624693,112.3216192,93.51515152,2.054742052,3.44647637,2.808551843,9.122437071,M07420_1,False,93.803030305,-0.28787878499998953,False,False
67,Sparse7x,20,1,MxWT,6/4/24 9:25,M07427,2.200254851,145.5140025,96.3030303,1.603473939,2.149680448,2.221782995,6.962706948,M07427_1,False,93.803030305,2.4999999950000102,False,False
67,Sparse7x,20,2,MxWT,6/4/24 9:25,M07427,1.882156925,138.3165383,94.87878788,2.139863546,2.601748703,1.781722676,4.631991636,M07427_2,False,93.803030305,1.0757575750000115,False,False
67,Sparse7x,20,3,MxWT,6/4/24 9:25,M07427,2.349175299,125.1550144,95.07575758,1.795400143,2.040822722,1.981208672,6.255187551,M07427_3,False,93.803030305,1.2727272750000083,False,False
67,Sparse7x,20,4,FxHET,6/4/24 9:25,M07427,1.880753309,130.1766433,95.77272727,1.65944247,2.34486993,2.224619129,6.886018937,M07427_4,False,90.04040404,5.732323230000006,False,False
67,Sparse7x,20,5,FxHET,6/4/24 9:25,M07427,1.572853312,133.2433327,94.16666667,2.05470932,2.71536179,2.063487767,5.91037281,M07427_5,False,90.04040404,4.126262629999999,False,False
67,Sparse7x,20,6,MxWT,6/4/24 9:25,M07427,3.316904688,123.7541773,97.07575758,1.213740087,2.074294607,3.228179641,11.29058453,M07427_6,False,93.803030305,3.2727272750000083,False,False
71,Sparse7x,20,1,MxHEMI,6/4/24 10:20,M08018,1.728432849,100.9769201,85.51515152,3.353670166,4.095606839,1.777808239,4.835204511,M08018_1,False,87.53535353833334,-2.020202018333336,False,False
71,Sparse7x,20,2,MxWT,6/4/24 10:20,M08018,2.38822855,93.07292892,87.0,3.150970203,2.932677763,1.639159494,4.351842556,M08018_2,False,93.803030305,-6.803030304999993,False,False
71,Sparse7x,20,3,FxHET,6/4/24 10:20,M08018,2.080052646,99.24425963,91.13636364,2.924179398,2.99118971,1.65176996,4.518829507,M08018_3,False,90.04040404,1.0959596000000005,False,False
71,Sparse7x,20,4,MxHEMI,6/4/24 10:20,M08018,1.875031497,92.66785809,84.18181818,3.44834617,3.776322829,1.986162336,5.782366973,M08018_4,False,87.53535353833334,-3.353535358333346,False,False
71,Sparse7x,20,5,MxWT,6/4/24 10:20,M08018,2.086404516,114.4716628,92.37878788,2.433606173,2.387261093,1.588876678,4.271574584,M08018_5,False,93.803030305,-1.4242424249999885,False,False
71,Sparse7x,20,6,FxHET,6/4/24 10:20,M08018,2.110949159,104.5645276,90.6969697,2.681415868,3.090695519,1.837394978,5.25413185,M08018_6,False,90.04040404,0.6565656599999983,False,False
87,Sparse7x,23,1,MxHEMI,6/7/24 9:42,M07039,2.808223684,111.1035014,88.66666667,2.330764451,3.284595936,2.660746555,8.601014879,M07039_1,False,88.61363636666665,0.05303030333334391,False,False
87,Sparse7x,23,2,MxWT,6/7/24 9:42,M07039,1.825973747,106.1087898,88.3030303,3.005824173,3.567959294,2.143735729,5.711175127,M07039_2,False,94.64646465,-6.3434343499999954,False,False
87,Sparse7x,23,3,FxHET,6/7/24 9:42,M07039,1.697821178,108.6329346,90.57575758,2.698363803,2.678919892,1.65483537,4.472902787,M07039_3,False,90.61868687,-0.04292929000000356,False,False
87,Sparse7x,23,4,MxHEMI,6/7/24 9:42,M07039,1.727062195,102.8177785,88.10606061,2.869082589,3.035097643,1.959927629,5.730597068,M07039_4,False,88.61363636666665,-0.5075757566666539,False,False
87,Sparse7x,23,5,MxWT,6/7/24 9:42,M07039,1.820452205,101.1745909,88.28787879,3.233937821,3.10563873,1.667121412,4.366987907,M07039_5,False,94.64646465,-6.358585860000005,False,False
87,Sparse7x,23,6,FxHET,6/7/24 9:42,M07039,1.632888561,106.8832367,87.15151515,2.995817765,3.859250905,2.016566281,5.521070094,M07039_6,False,90.61868687,-3.4671717200000103,False,False
83,Sparse7x,23,1,MxWT,6/7/24 8:42,M07420,2.092186597,125.5335846,96.16666667,1.580010319,2.872165915,3.009198144,8.999538625,M07420_1,False,94.64646465,1.5202020199999993,False,False
85,Sparse7x,23,1,MxWT,6/7/24 9:13,M07427,1.990951218,151.9946076,96.18181818,1.657488589,2.22714755,2.041912811,5.99365317,M07427_1,False,94.64646465,1.5353535299999947,False,False
85,Sparse7x,23,2,MxWT,6/7/24 9:13,M07427,2.272811565,151.0224249,97.90909091,1.419470775,1.83117744,1.750930014,4.832099799,M07427_2,False,94.64646465,3.2626262600000047,False,False
85,Sparse7x,23,3,MxWT,6/7/24 9:13,M07427,2.121546427,125.6778852,95.34848485,1.798565794,2.071870365,1.849268152,5.691105522,M07427_3,False,94.64646465,0.7020202000000069,False,False
85,Sparse7x,23,4,FxHET,6/7/24 9:13,M07427,1.191478351,137.3786926,82.46969697,3.994154563,4.781200972,1.931802567,4.903232458,M07427_4,False,90.61868687,-8.148989900000004,False,False
85,Sparse7x,23,5,FxHET,6/7/24 9:13,M07427,0.858567181,147.0186053,81.53030303,4.713929038,5.617161949,1.618870336,3.465562036,M07427_5,False,90.61868687,-9.088383840000006,False,False
85,Sparse7x,23,6,MxWT,6/7/24 9:13,M07427,2.539772022,143.7809731,97.6969697,1.299367459,1.591107127,1.930282672,6.077695303,M07427_6,False,94.64646465,3.050505049999998,False,False
89,Sparse7x,23,1,MxHEMI,6/7/24 10:22,M08018,3.487653078,94.38583199,94.03030303,1.799108713,1.839994897,2.097185069,7.125064302,M08018_1,False,88.61363636666665,5.416666663333345,False,False
89,Sparse7x,23,2,MxWT,6/7/24 10:22,M08018,2.800797203,91.61713922,86.3030303,3.372242556,3.068771737,1.592031136,4.271397033,M08018_2,False,94.64646465,-8.343434349999995,False,False
89,Sparse7x,23,3,FxHET,6/7/24 10:22,M08018,2.22143442,108.0210979,92.53030303,2.487572175,2.869932312,1.807425019,5.376208021,M08018_3,False,90.61868687,1.9116161599999941,False,False
89,Sparse7x,23,4,MxHEMI,6/7/24 10:22,M08018,2.334511696,91.79800378,86.34848485,2.994097088,2.798223521,1.829039695,5.286457472,M08018_4,False,88.61363636666665,-2.2651515166666485,False,False
89,Sparse7x,23,5,MxWT,6/7/24 10:22,M08018,2.404311175,126.3079379,94.36363636,2.106296796,2.089638433,1.668174635,4.563103465,M08018_5,False,94.64646465,-0.28282828999999765,False,False
89,Sparse7x,23,6,FxHET,6/7/24 10:22,M08018,2.016144524,104.0466091,90.43939394,2.907434076,3.018113073,1.801207317,5.161946917,M08018_6,False,90.61868687,-0.17929293000000257,False,False
101,Sparse7x,27,1,MxHEMI,6/11/24 10:16,M07039,2.665444785,104.5778055,93.86363636,1.840650392,2.155999159,2.14196408,6.903861697,M07039_1,False,88.60353535499999,5.26010100500001,False,False
101,Sparse7x,27,2,MxWT,6/11/24 10:16,M07039,1.573186705,108.5322046,87.03030303,3.56126228,3.803957725,1.872010993,4.706966959,M07039_2,False,93.50000000333333,-6.469696973333328,False,False
101,Sparse7x,27,3,FxHET,6/11/24 10:16,M07039,1.847751641,102.4988566,86.96969697,3.378670922,3.34806908,1.777984381,4.971689854,M07039_3,False,89.23989899,-2.2702020199999993,False,False
101,Sparse7x,27,4,MxHEMI,6/11/24 10:16,M07039,1.564192581,96.63844362,84.42424242,3.59771947,3.561271682,1.84027604,4.940349805,M07039_4,False,88.60353535499999,-4.179292934999992,False,False
101,Sparse7x,27,5,MxWT,6/11/24 10:16,M07039,1.742139396,99.14533328,85.57575758,3.822045731,3.552589411,1.646713239,4.090941125,M07039_5,False,93.50000000333333,-7.924242423333325,False,False
101,Sparse7x,27,6,FxHET,6/11/24 10:16,M07039,1.700951096,101.9446532,89.51515152,3.10038426,3.236849758,1.876993303,5.412627193,M07039_6,False,89.23989899,0.27525253000000305,False,False
97,Sparse7x,27,1,MxWT,6/11/24 9:21,M07420,2.417959474,134.8789516,95.71212121,1.516738736,3.150528937,4.156489433,10.03643535,M07420_1,False,93.50000000333333,2.21212120666668,False,False
99,Sparse7x,27,1,MxWT,6/11/24 9:49,M07427,1.697136335,152.8423228,96.27272727,1.936122957,2.480142102,1.80711907,5.134522953,M07427_1,False,93.50000000333333,2.772727266666678,False,False
99,Sparse7x,27,2,MxWT,6/11/24 9:49,M07427,1.981618059,160.731005,96.96969697,1.86376129,2.319691378,1.709110023,4.683447212,M07427_2,False,93.50000000333333,3.4696969666666746,False,False
99,Sparse7x,27,3,MxWT,6/11/24 9:49,M07427,2.176948207,126.3213859,95.07575758,2.009644026,2.023170098,1.618649223,4.342123352,M07427_3,False,93.50000000333333,1.5757575766666747,False,False
99,Sparse7x,27,4,FxHET,6/11/24 9:49,M07427,1.958490976,122.4365758,92.90909091,2.274938221,2.546785911,1.865367589,5.268635403,M07427_4,False,89.23989899,3.669191920000003,False,False
99,Sparse7x,27,5,FxHET,6/11/24 9:49,M07427,1.114429025,137.9996796,88.98484848,3.202085877,3.912302252,1.872204032,5.318056061,M07427_5,False,89.23989899,-0.2550505100000038,False,False
99,Sparse7x,27,6,MxWT,6/11/24 9:49,M07427,2.484666143,131.1126266,96.43939394,1.717184353,2.032196035,1.823941085,5.65390218,M07427_6,False,93.50000000333333,2.9393939366666757,False,False
104,Sparse7x,27,1,MxHEMI,6/11/24 10:47,M08018,3.479037689,90.33562674,93.0,1.991031928,2.082248277,1.978154521,6.358008397,M08018_1,False,88.60353535499999,4.396464645000009,False,False
104,Sparse7x,27,2,MxWT,6/11/24 10:47,M08018,3.308832746,96.33732909,90.25757576,2.573022616,2.411880492,1.718878003,5.052948476,M08018_2,False,93.50000000333333,-3.242424243333332,False,False
104,Sparse7x,27,3,FxHET,6/11/24 10:47,M08018,2.799280994,115.4318021,95.53030303,1.697005266,1.882731389,1.812367308,5.344227444,M08018_3,False,89.23989899,6.2904040399999985,False,False
104,Sparse7x,27,4,MxHEMI,6/11/24 10:47,M08018,2.391665173,93.32345172,84.54545455,3.364438193,3.364514267,1.910993378,5.585471596,M08018_4,False,88.60353535499999,-4.058080804999989,False,False
104,Sparse7x,27,5,MxWT,6/11/24 10:47,M08018,2.308006934,131.1877069,93.22727273,2.200170129,2.232071055,1.650154423,4.51254586,M08018_5,False,93.50000000333333,-0.2727272733333308,False,False
104,Sparse7x,27,6,FxHET,6/11/24 10:47,M08018,2.631663626,104.2343629,91.34848485,2.375719513,2.507547162,1.849155548,5.502398344,M08018_6,False,89.23989899,2.108585860000005,False,False
119,Sparse7x,30,1,MxHEMI,6/14/24 11:13,M07039,2.102901245,91.99933209,89.65151515,2.870806825,2.801853725,1.670445513,4.201788323,M07039_1,False,88.69191919166666,0.9595959583333382,False,False
119,Sparse7x,30,2,MxWT,6/14/24 11:13,M07039,1.803979863,100.4400599,87.53030303,3.260662273,3.066957859,1.6014768,3.807675778,M07039_2,False,91.74242424666666,-4.2121212166666595,False,False
119,Sparse7x,30,3,FxHET,6/14/24 11:13,M07039,2.065948625,92.78600249,87.39393939,3.21568188,2.758136289,1.549298461,3.577138386,M07039_3,False,89.13888888833333,-1.7449494983333267,False,False
119,Sparse7x,30,4,MxHEMI,6/14/24 11:13,M07039,1.936097,82.30570636,83.51515152,3.576970023,3.110712785,1.570694767,3.766196558,M07039_4,False,88.69191919166666,-5.176767671666653,False,False
119,Sparse7x,30,5,MxWT,6/14/24 11:13,M07039,1.776137406,92.53884443,82.59090909,4.248992772,3.738946774,1.547066584,3.521136053,M07039_5,False,91.74242424666666,-9.151515156666662,False,False
119,Sparse7x,30,6,FxHET,6/14/24 11:13,M07039,1.603999825,97.85531421,86.65151515,3.675127914,3.576906406,1.601130848,3.945680761,M07039_6,False,89.13888888833333,-2.487373738333332,False,False
114,Sparse7x,30,1,MxWT,6/14/24 9:43,M07420,2.367237713,132.2773106,96.18181818,1.70876145,1.807164909,1.607005778,4.064725924,M07420_1,False,91.74242424666666,4.439393933333335,False,False
117,Sparse7x,30,1,MxWT,6/14/24 10:44,M07427,1.493294085,143.1080049,90.07575758,3.589350497,4.227501932,1.644914404,3.652385423,M07427_1,False,91.74242424666666,-1.6666666666666572,False,False
117,Sparse7x,30,2,MxWT,6/14/24 10:44,M07427,1.994674882,137.6361601,94.06060606,2.763282436,3.300924179,1.635947669,3.888205975,M07427_2,False,91.74242424666666,2.3181818133333394,False,False
117,Sparse7x,30,3,MxWT,6/14/24 10:44,M07427,2.440265245,108.7353739,92.34848485,2.452643798,2.465464778,1.599724218,3.881440903,M07427_3,False,91.74242424666666,0.6060606033333471,False,False
117,Sparse7x,30,4,FxHET,6/14/24 10:44,M07427,1.555530948,118.4146009,87.22727273,3.663673996,3.883026994,1.629288147,3.822371247,M07427_4,False,89.13888888833333,-1.9116161583333309,False,False
117,Sparse7x,30,5,FxHET,6/14/24 10:44,M07427,1.386452168,124.5185455,89.59090909,3.052758667,3.429927062,1.970498685,5.497007673,M07427_5,False,89.13888888833333,0.4520202016666701,False,False
117,Sparse7x,30,6,MxWT,6/14/24 10:44,M07427,2.456475976,123.4113153,94.28787879,2.200643193,2.380989887,1.670341647,4.224161563,M07427_6,False,91.74242424666666,2.545454543333335,False,False
121,Sparse7x,30,1,MxHEMI,6/14/24 11:40,M08018,4.605331664,87.7495705,93.8030303,1.633935653,1.646415252,2.114647266,7.162374514,M08018_1,False,88.69191919166666,5.111111108333347,False,False
121,Sparse7x,30,2,MxWT,6/14/24 11:40,M08018,3.314598954,88.0726124,86.89393939,3.168680195,2.957398489,1.653820774,4.584214877,M08018_2,False,91.74242424666666,-4.8484848566666585,False,False
121,Sparse7x,30,3,FxHET,6/14/24 11:40,M08018,2.808085578,94.86317287,92.24242424,2.371118421,2.380945439,1.705224044,4.68931,M08018_3,False,89.13888888833333,3.103535351666679,False,False
121,Sparse7x,30,4,MxHEMI,6/14/24 11:40,M08018,3.266093345,87.52197901,87.65151515,2.641145625,2.283448311,1.742604869,5.120407527,M08018_4,False,88.69191919166666,-1.0404040416666618,False,False
121,Sparse7x,30,5,MxWT,6/14/24 11:40,M08018,2.147710032,121.9645435,89.21212121,3.186047807,3.26662965,1.669147939,4.226264076,M08018_5,False,91.74242424666666,-2.530303036666652,False,False
121,Sparse7x,30,6,FxHET,6/14/24 11:40,M08018,2.529619839,102.118061,90.27272727,2.490217553,2.670484874,1.801201301,4.950174188,M08018_6,False,89.13888888833333,1.1338383816666777,False,False
